{
	"RADIANCE_MULT_BAND": {
		"LE72040322015169NSG00_B1.tif": 7.7874E-01,
		"LE72040322015169NSG00_B2.tif": 7.9882E-01,
		"LE72040322015169NSG00_B3.tif": 6.2165E-01,
		"LE72040322015169NSG00_B4.tif": 9.6929E-01,
		"LE72040322015169NSG00_B5.tif": 1.2622E-01,
		"LE72040322015169NSG00_B7.tif": 4.3898E-02 
	},
	"RADIANCE_ADD_BAND": {
		"LE72040322015169NSG00_B1.tif": -6.97874,
		"LE72040322015169NSG00_B2.tif": -7.19882,
		"LE72040322015169NSG00_B3.tif": -5.62165,
		"LE72040322015169NSG00_B4.tif": -6.06929,
		"LE72040322015169NSG00_B5.tif": -1.12622,
		"LE72040322015169NSG00_B7.tif": -0.39390
	},
	"EARTH_SUN_DISTANCE": 1.0160098,
	"SUN_ELEVATION": 65.97550261,
	"REFLECTANCE_MAXIMUM_BAND": {
		"LE72040322015169NSG00_B1.tif": 0.315410,
		"LE72040322015169NSG00_B2.tif": 0.345954,
		"LE72040322015169NSG00_B3.tif": 0.320526,
		"LE72040322015169NSG00_B4.tif": 0.748932,
		"LE72040322015169NSG00_B5.tif": 0.446288,
		"LE72040322015169NSG00_B7.tif": 0.426813
	},
	"RADIANCE_MAXIMUM_BAND": {
		"LE72040322015169NSG00_B1.tif": 191.600,
		"LE72040322015169NSG00_B2.tif": 196.500,
		"LE72040322015169NSG00_B3.tif": 152.900,
		"LE72040322015169NSG00_B4.tif": 241.100,
		"LE72040322015169NSG00_B5.tif": 31.060,
		"LE72040322015169NSG00_B7.tif": 10.800
	}
}